company,name,email,phone,address,job_title,age,credit_card_number,credit_card_provider,credit_card_expires,username,password
White Ltd,Alexander Martinez,blackkimberly@example.com,393-303-1619x629,"7902 Lowe Pine Suite 902, Millershire, TN 07850",Quality manager,22,4898851274977130081,VISA 16 digit,08/31,andrewweaver,q9Gt0Bv(j!
White Ltd,Jillian Romero,mreid@example.com,(038)985-0113,"4010 Leon Ways, Chelsealand, NJ 47162",Economist,37,4166789347750978,American Express,12/28,martinezjacob,M31QmcYo!)
White Ltd,Roger Wade,qhester@example.org,001-048-677-4777x024,"5226 Brennan Causeway, Andreaburgh, MH 28697",Chartered public finance accountant,58,4074773152401,JCB 16 digit,10/30,sara13,L%J5KgIkVQ
White Ltd,Jennifer Jones,amberdowns@example.org,895.360.9349x4038,"815 Robert Ports, Hendrixview, AK 69128","Therapist, nutritional",50,4615555036239868866,Discover,04/33,kelly66,er0TWSAdy$
White Ltd,Jeff Whitaker,richardsonrita@example.com,795.661.9452x3331,"7122 Kendra Falls Suite 738, Port Jonathan, CA 49515",Special educational needs teacher,56,4803212517190,American Express,07/25,tracysmith,J)49Qs%%&1
White Ltd,Michaela Wagner,kennedyjohn@example.com,+1-470-824-6787,"8016 Keith Lane Apt. 651, Lake Ricardoland, CO 68999","Psychologist, forensic",22,38052920505283,VISA 16 digit,06/26,richardharris,%3FeCeW_GC
White Ltd,Sharon Cannon,znovak@example.org,278-163-5306,"772 Maria Plaza Apt. 833, East Angelborough, MS 44203","Loss adjuster, chartered",41,4797783300557069055,JCB 15 digit,02/33,jason33,volgdKs4@4
White Ltd,Lisa Martin,jeffreybaker@example.org,4331699738,"Unit 9804 Box 9036, DPO AA 78265","Psychologist, occupational",53,6512309459231521,JCB 15 digit,05/28,upowell,(5eHB*Be&u
White Ltd,Oscar Whitehead,christie45@example.net,001-953-712-9989x0108,"412 Amanda Plain, Youngfort, IL 07224",Toxicologist,29,4993688549747585,VISA 19 digit,03/29,espinozageorge,2)7Bes5ev^
White Ltd,Alex Curtis,gardnerkimberly@example.net,(688)399-9997x094,"50573 Kirby Garden Suite 259, Georgeport, IA 12221",Public librarian,52,676363737815,Diners Club / Carte Blanche,03/25,sarahthompson,g#7Vsrsixq
Decker and Sons,Ryan Rodgers,michaelshort@example.net,(538)215-4366x93710,"Unit 0014 Box 8433, DPO AA 04948",Human resources officer,59,6595121667173035,Maestro,07/31,pameaton,)#LHRFi4e5
Decker and Sons,Samantha Tucker,jacqueline77@example.org,337-038-1841x735,"240 Leon Club, East Andrea, AK 40783",Amenity horticulturist,43,4285497631315237,Discover,03/32,juarezkeith,H3)TPrvq!6
Decker and Sons,Karen Bryan,robinsonjennifer@example.org,+1-117-765-4714x612,"552 Petty Points Suite 565, South Caleb, DE 13134","Administrator, charities/voluntary organisations",29,4220725195440,JCB 15 digit,02/24,evanmitchell,^$)d6HiR1@
Decker and Sons,Kevin Andrews,lauriereyes@example.org,001-720-313-8450x497,"58154 Brandi Mission, New Stephanieshire, ME 90827","Engineer, materials",41,2400446288883371,American Express,10/29,zachary58,_6H5YQefd_
Decker and Sons,Jennifer Moses,rickey05@example.net,4635252772,"43275 Frederick Camp Suite 437, Mitchellfort, CT 86852",Human resources officer,34,4450931141096670,VISA 13 digit,10/31,jamiehernandez,i^5WdGGPMb
Decker and Sons,Teresa Ruiz,jwebster@example.org,+1-698-508-5440x39764,"46027 Henderson Dale, New Ryan, OK 88066","Therapist, horticultural",34,4696332077257598,JCB 15 digit,10/28,hholmes,#gEt1cZsr1
Decker and Sons,Yolanda Robbins,shawn85@example.com,852-099-9700,"29102 Kim Lodge, South Kimberlystad, TN 67028",Hydrologist,28,4254886571787610,VISA 19 digit,06/23,matthewsmith,(zRdRVlG9M
Decker and Sons,Nina Johnson,ksalazar@example.org,278.668.9880x3588,"11161 Mcgrath Forks, Davidhaven, NH 42316",Sports administrator,60,180030005594360,JCB 16 digit,12/23,ashleywilliamson,Ks(L3QxZme
Decker and Sons,Mr. Wesley Snow Jr.,joshua72@example.net,380.085.2419,"8228 Long Tunnel, South Mary, LA 43762",Chartered legal executive (England and Wales),64,4021188085105757,Discover,01/26,richardparker,wY3tAomPd*
Decker and Sons,Bruce Paul,uhamilton@example.net,077.926.1253,"943 Robert Shore, South Brian, MI 73711",Chief Marketing Officer,38,180044253846315,Mastercard,03/31,mcarroll,2p4R9nyKA+
Pierce and Sons,Alexander Washington,lowens@example.com,223-250-0610x016,"59573 Stephanie Coves Apt. 273, Spearshaven, MH 08040",Legal executive,21,676180004787,JCB 15 digit,05/25,brittney96,MRHGbys3_5
Pierce and Sons,Ana Parker,iknight@example.net,2056230627,"69932 Clark Skyway Suite 907, Port Gregory, CO 41482",Immigration officer,32,3523578471226453,VISA 19 digit,05/25,wilsonveronica,+0r1Ril6ds
Pierce and Sons,David Gonzalez,davisalexander@example.org,001-462-182-0760x326,"28406 Tran Skyway Suite 849, Danielleside, CA 16634",IT sales professional,65,4556216482521525,VISA 19 digit,11/32,richard98,!&#8fIbtC0
Pierce and Sons,Jessica Silva,markmalone@example.com,914.288.2056,"151 Tony Rapids Suite 955, Lake Scottside, AZ 94729",Community arts worker,43,6011859849598241,American Express,02/26,fwilliams,@8*1I8dpcm
Pierce and Sons,Melanie Hart,zwelch@example.net,206-395-1552x44677,"7796 Watson Forge Suite 508, Schultzview, AZ 20980",Chief Marketing Officer,22,4313207241289591335,Diners Club / Carte Blanche,12/24,smithchristopher,Ly8XYWbut!
Pierce and Sons,Amanda Bradley,adam05@example.org,130.614.8835x597,"27099 Mullen Alley Apt. 153, West Annette, OK 13468","Administrator, arts",43,2468206488270087,Diners Club / Carte Blanche,03/30,lcastillo,6T0JpCvr_U
Pierce and Sons,Lisa Miller,williamsalicia@example.net,4058198792,"34751 Todd Lake, Munozmouth, TX 10372",Toxicologist,33,38700587611519,Mastercard,05/27,bharris,&lm6_WIh3L
Pierce and Sons,Daniel Williams,wortega@example.net,001-144-562-3344,"USNV Aguilar, FPO AP 07589",Music therapist,51,4702798828660201,JCB 16 digit,05/30,karenpeters,ryFudnQ)!4
Pierce and Sons,Katherine Brown,zachary57@example.org,001-183-191-0570x23698,"60396 Cruz Pine, Haydenton, DC 39201",Community education officer,39,5144795684317879,VISA 16 digit,01/28,leachmario,&3IXUzwKEF
Pierce and Sons,Elizabeth Potts,grahamwendy@example.com,471-581-0666,"269 Kathryn Terrace Apt. 684, Lake Dawn, ID 95530",Location manager,20,4504312145151,Mastercard,11/32,cartertiffany,^XBk_$)5(3
Gordon LLC,Jackie Rivera,jeffreyfisher@example.com,(979)253-9010x92890,"440 Russell Prairie, Morseberg, MS 32614",Jewellery designer,38,4557836681923518,Maestro,07/28,obrown,!T6Cx_!SAs
Gordon LLC,Monica Benson,lopezjames@example.org,943.071.8754,"924 Aguirre Corner, New Cameron, GA 96844",Biomedical engineer,61,675942795724,JCB 16 digit,08/32,andrewmiller,+^5H!*yDvB
Gordon LLC,Jennifer Campos,dclark@example.org,082-307-9324x449,"207 Smith Islands Apt. 518, East Danny, NY 17766",Commercial/residential surveyor,32,3533694796694263,JCB 16 digit,02/25,castroterrence,(njOlBWa2K
Gordon LLC,Ana Nelson,nicole16@example.net,384-466-5074x854,"013 Roberts Pines, East Williamview, AK 95909",Seismic interpreter,21,4823847375954,Diners Club / Carte Blanche,01/25,nashabigail,0k^7DJ!suo
Gordon LLC,Grace Freeman,brian93@example.com,069.428.6454x088,"25941 Sharp Course Suite 567, West Ruth, OH 42723",Government social research officer,62,4963055986259233,VISA 16 digit,04/28,drew22,5Z3rxEcrv^
Gordon LLC,Rose Monroe,qfisher@example.com,376.856.1266x1992,"1745 Harper Orchard Apt. 078, Kristenchester, DC 77355",Environmental consultant,28,630439158803,VISA 16 digit,10/29,nathan83,+2*J8VrRPm
Gordon LLC,David Gutierrez,kimberly19@example.org,536-657-1118,"94016 Emily Creek Suite 937, Tiffanyburgh, WI 64948",Television floor manager,24,4762564845508506877,Discover,06/28,sherrymorris,3XE1Irwv%0
Gordon LLC,Charles Smith,ohanson@example.net,(232)708-5349,"3708 Brian Burgs, Jeffreyhaven, NH 22645","Accountant, chartered certified",42,6011073467519345,VISA 16 digit,12/25,zachary10,%)hM2XcKBt
Gordon LLC,Kevin Lane,brownrachel@example.com,+1-480-732-4738,"10073 Coleman Dam, Alyssafort, GU 20300","Lighting technician, broadcasting/film/video",26,36720667063912,Discover,04/29,anthonywilliams,r4K&WF+n^N
Gordon LLC,Christopher Delacruz,mhardy@example.org,267-776-8435x43701,"285 Ashley Garden Apt. 054, North Melissaside, FL 90899",Warden/ranger,51,6011915398644743,Discover,10/27,walkermegan,ZD%n8KcB(y
"Wong, Mitchell and Anderson",Carolyn Santiago,kelly62@example.org,168-149-0907x722,"028 Courtney Spurs, Johnside, SD 91917",Industrial/product designer,51,344540772249348,JCB 16 digit,04/30,lperez,!lG8LjDVL^
"Wong, Mitchell and Anderson",Susan Thomas,sandra59@example.org,(816)362-6789x0656,"84758 Gonzalez Plain Apt. 324, Munozmouth, DC 65856",Financial trader,60,3560933991560846,VISA 16 digit,04/30,jrichardson,3VvF6H_fd%
"Wong, Mitchell and Anderson",Sandra Cortez,mtaylor@example.org,(247)887-3845x3384,"806 Jessica Center Suite 409, Lake Jasmineburgh, MO 03391",Ranger/warden,47,213124045631380,JCB 16 digit,04/33,patricia12,_cJw06n309
"Wong, Mitchell and Anderson",Melissa Mendoza,katiewood@example.org,246-153-9496,"08467 Harris Landing Apt. 987, New Kimberlymouth, IL 95449",Logistics and distribution manager,22,348551328322592,VISA 13 digit,01/29,clee,$JF3HU^uSq
"Wong, Mitchell and Anderson",David Martinez,felicia72@example.org,246.677.7740x9571,"11831 Amy Ports, Petersonchester, MN 01082",Medical physicist,23,2718694914927305,Maestro,11/29,melissa43,3T4^Nmug*@
"Wong, Mitchell and Anderson",Richard Robinson,kellytodd@example.org,311-144-9735,"7257 Harris Corners, Lake Cynthia, UT 53711",Market researcher,22,4993523475154920,Maestro,03/33,john05,HR^1FL%eo7
"Wong, Mitchell and Anderson",Matthew Hopkins,ejohnson@example.org,117.038.5516,"0051 Ian Curve Apt. 296, Lake Elizabethside, TX 54219",Plant breeder/geneticist,60,348464097913452,VISA 16 digit,10/25,millerrobert,6G$0bOIt+B
"Wong, Mitchell and Anderson",Denise Gentry,susan67@example.org,+1-402-296-0726,"241 Barnes Lake, Christophershire, MP 52665",Seismic interpreter,56,180009705198771,Maestro,12/29,zdorsey,!fC4S4po(1
"Wong, Mitchell and Anderson",Stephanie Leon,melissa87@example.org,7221718652,"268 Harrington Parkway, South Chrisfurt, MS 01994","Secretary, company",37,344877393242140,Discover,08/27,eortega,D7_8VY3a!!
"Wong, Mitchell and Anderson",Cynthia Larson,maysrachel@example.net,299-577-1924x756,"35441 Wilson Port, Charlesborough, MH 53135",Magazine features editor,35,5399620794325194,Maestro,06/33,thomasbruce,n%Ti7tAdA#
Sharp-Ramirez,Bridget Holder,angel46@example.com,202.525.1133x595,"88043 White Well, Brandonborough, FL 06826","Surveyor, building control",30,6011555524257042,VISA 16 digit,07/28,matthewarroyo,%ENMLg1Ac4
Sharp-Ramirez,Diana Estrada,loriwatts@example.org,(731)635-8106x526,"8222 Robert Passage, Michelleside, KY 63088","Exhibitions officer, museum/gallery",38,639016661949,American Express,09/30,larry14,+G)eI!FkU3
Sharp-Ramirez,Benjamin Yates,mary64@example.com,544-563-9454x52241,"4817 Joshua Rapid Suite 159, Kimberlyside, DE 91925","Lecturer, further education",56,675926574673,Discover,01/29,griffinrichard,(LqJ_%bj_7
Sharp-Ramirez,Allison Mason,torreslauren@example.org,(578)742-3108x7558,"55719 Angela Springs Suite 092, Colemanland, ND 55923",Technical brewer,46,060450466515,JCB 15 digit,02/24,caitlynrichmond,Gb8BcrxQH#
Sharp-Ramirez,Michelle Rice,palvarado@example.com,575.290.9104x793,"9407 Jake Brooks, Christopherport, HI 68061","Lecturer, higher education",35,569597440159,VISA 16 digit,05/27,williamharris,@8XxwFMs)y
Sharp-Ramirez,Sarah Gonzalez,xbarajas@example.net,344.439.9687x21923,"59526 Knight Oval Suite 396, Jacquelineborough, NH 48382",Radio producer,21,2228904845344998,VISA 19 digit,03/33,davidwhite,OPAB1Qvt$6
Sharp-Ramirez,Joshua Thomas,qjackson@example.org,955-596-8551x03120,"829 Anthony Station, Smithborough, OK 77047",Arts development officer,20,4536966523549549808,VISA 16 digit,03/28,stephanie69,)8SrD^BvdC
Sharp-Ramirez,Caleb Carroll,richardsondan@example.net,001-741-640-2198x1004,"Unit 3633 Box 2847, DPO AP 96973",Sub,30,4107053628284,VISA 13 digit,06/32,rebeccagarcia,@6ZvIqHl@w
Sharp-Ramirez,Amanda Montgomery,schultzdaniel@example.org,001-262-621-2756,"5443 Hannah Island, Haileyburgh, ME 59993",Research scientist (life sciences),18,213138125727629,Diners Club / Carte Blanche,04/28,cbailey,!Bp@5ZwrKv
Sharp-Ramirez,April Garcia,fraziercourtney@example.net,431-165-5297x4404,"0120 Rickey Haven Apt. 770, Port Ethanburgh, AZ 68599",Actor,25,676322162246,VISA 16 digit,06/32,marysanders,Kk5F91rA!P
Smith-Butler,Joseph Suarez,hodgesgina@example.net,046.379.5455x9011,"934 Leslie Curve Apt. 486, North Brendaview, KY 43807",Camera operator,26,3578364372960639,Diners Club / Carte Blanche,09/26,millerpatricia,#6V@kL!)mv
Smith-Butler,Brian Werner,kelsey71@example.com,232.978.8042x0136,"93692 Mcbride Crossroad, Brownstad, DC 78536",Higher education lecturer,29,180055309078307,Discover,07/24,jonathancline,E6BB)STa(N
Smith-Butler,Katrina Ball,jason20@example.org,7399856615,"713 Brown Locks Apt. 641, New Kayla, NC 43104",Hospital pharmacist,29,4795032943861348088,VISA 19 digit,05/24,fergusondanielle,*0rF)pUpBf
Smith-Butler,Aaron Underwood,caitlinjohnson@example.com,001-027-817-7643x493,"258 Gregory Cape, Hallfurt, CO 27265",Museum education officer,63,503892451686,VISA 19 digit,07/28,ryanchapman,_HW6rJa&p3
Smith-Butler,Lisa Evans,wbrown@example.net,+1-002-550-0569x280,"48215 Boone Passage Suite 434, Aaronville, OH 83965",Minerals surveyor,21,3586984844082256,JCB 15 digit,08/32,andradechristopher,+O0Q2fTo00
Smith-Butler,Susan Walker,gutierrezchristopher@example.com,921-396-0274x93144,"07846 Knapp Key, Port Jerry, FL 94611",Chief Operating Officer,28,6011581344969608,VISA 16 digit,03/29,millerjerry,G6MWwfFa$2
Smith-Butler,Taylor Powell,christopher49@example.net,306-168-2014x80773,"037 Adams Course Apt. 187, North Karitown, SD 42383","Production designer, theatre/television/film",25,3594615385375358,Discover,12/32,troyroth,Z7DHgq45+y
Smith-Butler,Christopher Ford,kimberly34@example.com,+1-681-649-6192x18982,"2975 Beck Ports, New Jeanview, IN 90421","Doctor, general practice",53,3513783503792595,Discover,02/31,patrickedwards,cy!1SQmgok
Smith-Butler,David Hall,vromero@example.com,(203)742-2911x0982,"9067 Janet Lock Suite 689, Ericchester, NE 59969",Social researcher,47,3571782005009036,Diners Club / Carte Blanche,11/30,jennahaas,3^FDQ3iL&c
Smith-Butler,Brittany Bowers,joshua30@example.com,(977)240-0295,"USNV Yoder, FPO AE 17382","Physicist, medical",42,30218930164654,Mastercard,10/25,joanngomez,l1P$&Tm1*R
Wilson-George,Diane Flynn,catherinehanson@example.net,491.227.8712x6954,"412 Heather Parks, Jenniferchester, RI 47884","Lecturer, higher education",62,4650224623343697,Maestro,11/23,welchmichael,^_2rsWYzcS
Wilson-George,Angel Kidd,derrickpetty@example.com,2623875960,"6462 Newton Corner Suite 914, Juliaview, HI 76777",Systems analyst,46,4679820683939675,VISA 19 digit,08/27,morrowjoseph,$5hUuq(s$O
Wilson-George,Christopher Martin,kellylewis@example.net,(350)670-6132x3292,"USS Stewart, FPO AA 60957",Museum/gallery conservator,25,3510871422713942,VISA 19 digit,07/32,xrobinson,#h2deFIqpp
Wilson-George,Joseph Mooney,michaelkoch@example.org,001-772-050-6372x23844,"08618 Hopkins Crossroad Suite 180, Latoyaport, TX 35706",Corporate treasurer,57,2277750646061087,JCB 16 digit,06/28,nicole20,1#a9YT$qgM
Wilson-George,Joseph Hull,jason87@example.com,(242)976-8080,"40731 Jackson Street, New David, AR 18082","Psychologist, educational",35,6557650273231676,VISA 16 digit,08/25,frederickstewart,2%6PrdwZ(Z
Wilson-George,Robin Lopez,matthew99@example.org,(999)085-5736,"71552 Jennifer Lakes Suite 555, Dawnview, PW 40760",Museum/gallery exhibitions officer,54,4056347733804835,Maestro,06/27,riverajacqueline,_R@j4Hv+xz
Wilson-George,Jessica Combs,tammyparsons@example.net,456-358-9268x499,"394 Short Courts, Port Sarah, FL 83016","Biochemist, clinical",31,4553857069019830,VISA 13 digit,04/26,tgill,k$+1WJ8B^y
Wilson-George,Caleb Brown,iochoa@example.org,001-640-410-9644,"1753 Derrick Viaduct, North Brandon, ND 03961",Equality and diversity officer,34,4732806223768,Discover,10/25,lisa68,2ZFKDdyc*w
Wilson-George,Johnathan Clay,malonejason@example.org,837.699.1390,"1660 Kevin Street, North Danielleside, AR 75365",Location manager,27,4031786553918,JCB 16 digit,01/28,davidholden,J@4z)RxZ%O
Wilson-George,Austin Price,mperkins@example.org,001-866-464-4488,"23085 David Prairie Suite 789, West Peggy, MT 80637",Mining engineer,18,213165748219593,American Express,10/32,brownjames,*1T3AuLcf4
"Crawford, Johnson and Hicks",Paige Mack,jheath@example.com,9090883231,"2238 Emily Rest, East Deborah, OR 36519",Multimedia specialist,62,5302694103612812,Mastercard,08/23,hayesalec,a!4JOrtM$9
"Crawford, Johnson and Hicks",Kerry Howard,jamesgiles@example.org,(246)207-7692x31735,"77029 Kenneth Cliffs, Williamview, MA 74427",Radiation protection practitioner,43,213141175208474,JCB 16 digit,05/28,kevinsmith,zi8xYF1eH&
"Crawford, Johnson and Hicks",Patrick Cantu,dillonmunoz@example.net,+1-580-563-7701x29120,"057 Chase Crossroad, New Jared, PW 98053",Theatre stage manager,18,060479756268,Mastercard,11/25,acopeland,1yoz5Vv&1(
"Crawford, Johnson and Hicks",Kimberly Weaver,cookerica@example.com,511.340.2831x687,"64184 Cannon Dam Suite 439, Zamoramouth, OR 96134",Printmaker,64,6539423542279667,American Express,02/28,daniel02,jp6CVsIg%u
"Crawford, Johnson and Hicks",Sarah Brown,monica53@example.org,070.253.8133x80535,"22737 Boyer Ranch Apt. 662, South Chad, FL 85468",Retail buyer,53,4870826609217230160,VISA 19 digit,01/28,georgetrevino,L4tzUSSo%G
"Crawford, Johnson and Hicks",Gabriel Barton,ryoder@example.com,172-895-1687x256,"USCGC Rodgers, FPO AE 12161",Clothing/textile technologist,18,4460922515867869,JCB 15 digit,12/32,davidcarlson,&%J4sW9p%S
"Crawford, Johnson and Hicks",Paul Rogers,clayemily@example.net,794-626-4767x58320,"941 Garcia Springs Suite 321, Tracyton, AL 25776","Editor, magazine features",47,2718076269148309,Maestro,06/25,marshallcourtney,CT6%AO_c_(
"Crawford, Johnson and Hicks",Rodney Rose,perrychristopher@example.org,001-336-259-9708,"03428 Derrick Fork Apt. 575, Joshuaburgh, GA 01807",Film/video editor,40,4862545988171,Discover,05/27,calebdiaz,@U6zEj&zlf
"Crawford, Johnson and Hicks",Kristy Morrison,paynesandra@example.com,940-336-2055x47654,"1977 Russell Springs, West Peter, ID 65838",Civil Service administrator,54,4574065342821718,JCB 16 digit,06/30,bennettnancy,q()X3gWf7Y
"Crawford, Johnson and Hicks",Tara Jones,tina37@example.com,408.118.0449x7606,"PSC 2660, Box 1794, APO AE 52181",Database administrator,26,4707780331823684403,JCB 16 digit,06/32,donald95,d$8OpG0w_+
"Kelly, Freeman and Rodriguez",Tina Gilbert,jeffrey71@example.net,913.562.5247x5117,"PSC 6664, Box 0467, APO AP 30058",Chartered management accountant,30,213181123917917,JCB 16 digit,05/24,jessica19,_k6SV4siSN
"Kelly, Freeman and Rodriguez",Debra Forbes,franklinshawn@example.net,(884)879-4545x9692,"06463 Anderson Haven Apt. 502, Codystad, ID 12104",Orthoptist,27,4673661571192167294,Discover,12/31,clarkmandy,6+4YO(fs31
"Kelly, Freeman and Rodriguez",Erin Bryan,shawnjensen@example.org,553-030-8100,"3539 Nicole Trafficway, South John, AZ 07328",Hospital pharmacist,32,376699364044938,Maestro,06/32,kbarr,($s&H5ezX8
"Kelly, Freeman and Rodriguez",Tom Rodgers,nkline@example.org,303.031.2050,"796 Schmidt Causeway, Thomasmouth, KY 29834","Teacher, music",62,3598518410487014,VISA 16 digit,12/30,ysingh,q)4p4Zjvq$
"Kelly, Freeman and Rodriguez",Gary Santos,zlopez@example.com,(434)659-5439,"1495 Julie Ways Apt. 532, Normanstad, WA 51272",Outdoor activities/education manager,37,4318215170066875,Diners Club / Carte Blanche,03/25,craigjohnson,%8AHdN&eSl
"Kelly, Freeman and Rodriguez",Carol Young,christina93@example.org,363-601-3694,"86148 Brewer Fields Apt. 056, Jamesside, IN 96325","Investment banker, corporate",27,4191774490809762,JCB 16 digit,01/25,markjohnson,m7BvqplS*t
"Kelly, Freeman and Rodriguez",Tiffany Edwards,longjason@example.net,1214066995,"3573 Edward Roads, Lake Paulview, GU 26415","Scientist, research (life sciences)",47,3592183303763124,Discover,03/26,aaronshepard,6c6NA&zP!9
"Kelly, Freeman and Rodriguez",Charles Melton,christopher21@example.org,001-269-191-1095,"50583 Taylor Prairie, South Jessicaport, VA 79621","Engineer, electronics",37,6011827949303531,VISA 13 digit,01/30,johndudley,W$8wTXgNF)
"Kelly, Freeman and Rodriguez",Kyle Diaz,thomas41@example.org,001-349-537-7505x6867,"2535 Hansen Centers Apt. 152, Brownburgh, MN 92548",Museum/gallery exhibitions officer,22,4622980098522314,Discover,02/27,icarson,Ux!j*9JiM$
"Kelly, Freeman and Rodriguez",Michael Moore,gmcdonald@example.com,230-709-7695,"9761 Price Glen, Penatown, WY 36606",Structural engineer,55,180040402364614,American Express,10/29,crystal98,@g89Viw^G4
Armstrong-Armstrong,Richard Collins,david14@example.org,001-773-564-9641x4125,"10313 Taylor Radial Apt. 617, Port Sarahchester, OK 81696",Theatre director,18,30489019097350,VISA 16 digit,02/28,cooperautumn,*!I2zWGE^8
Armstrong-Armstrong,Tracy Henderson,simmonsrobert@example.net,+1-674-142-6527x090,"6454 Tucker Isle, East Stephanie, NJ 45853","Exhibitions officer, museum/gallery",26,213193495526374,JCB 15 digit,03/33,tdiaz,m_#(2KZ55b
Armstrong-Armstrong,John Armstrong,debbiewong@example.net,+1-236-727-2723x176,"531 Kelly Brook Suite 847, Jamesberg, DE 59599",Radiation protection practitioner,30,3546814451947047,VISA 19 digit,12/25,victorianorton,0#k&0gFR1i
Armstrong-Armstrong,Larry Gross,hansonkimberly@example.net,844.378.9583,"9770 Hernandez Roads Apt. 323, East Allen, MP 60344",Print production planner,63,4373141322237,American Express,05/27,carrollhector,*iHwFHb^1w
Armstrong-Armstrong,Kathy Buchanan,sandersbrian@example.net,001-149-294-7437x25069,"244 Reed Common, New Danielchester, UT 81938",Theme park manager,37,4672299428146,Discover,10/30,dawn97,n@t9wvYn_!
Armstrong-Armstrong,Jeffrey Montgomery,znichols@example.net,(898)648-8750,"47614 Kimberly Gateway Suite 113, Michaelfurt, VI 43318",Manufacturing systems engineer,62,2225758460923053,JCB 16 digit,12/25,heathersalas,I3hCjr$y$1
Armstrong-Armstrong,Andrea Sanchez MD,jmoore@example.com,+1-317-433-9338x24139,"4315 John Corners, South Jonathan, KY 17172",Chartered legal executive (England and Wales),61,2554720907633084,VISA 16 digit,10/31,trujillovanessa,)9PsGx1n)y
Armstrong-Armstrong,Mr. Dustin Smith,hchristensen@example.org,(284)592-9662,"3830 Campbell Mountain Apt. 391, East Angelicaton, WI 39495",Applications developer,20,4632045847368423,Mastercard,01/24,tcampbell,+d0DHYsjAL
Armstrong-Armstrong,Steven Howard,david30@example.com,(233)991-2892x41097,"6304 Emily Cliffs, Aliciastad, CA 95944","Editor, film/video",60,6509785230262502,VISA 13 digit,11/26,lrichardson,$9b4yKFyn1
Armstrong-Armstrong,Charles Moreno,jasonortiz@example.com,654.126.5733x20572,"9661 Carter Courts, Russellshire, LA 17113",Chartered accountant,64,2672887639437931,Discover,04/33,mbutler,2+4tSutV9p
Cruz and Sons,Caroline Koch,ithompson@example.org,462.654.6630x687,"69400 Johnson Orchard Apt. 336, Watkinsland, RI 59978",Exercise physiologist,63,30296756002539,VISA 16 digit,03/24,michaelmitchell,&TVvXwf5s5
Cruz and Sons,John Pruitt,thomas15@example.org,502-238-9377x84498,"862 Williams Overpass Apt. 395, North Rachel, AL 26899",Legal secretary,61,4242414569658803,JCB 15 digit,05/28,michele07,3C8hFupQs#
Cruz and Sons,Jeffrey Anderson,michael86@example.org,(149)222-1012x70496,"1282 Larson Squares, Shirleytown, AL 46777",Film/video editor,54,4505326486303473,Discover,10/23,whitejason,%!$VV1jv@M
Cruz and Sons,Jeffrey Jimenez,michael59@example.org,001-353-116-6580x82034,"6522 Anderson Fall, Morrisview, AK 94648",Advertising art director,22,3519195021012162,Maestro,06/24,kevinmoore,*7JUFkbsnx
Cruz and Sons,Meghan Burns,james37@example.org,635-770-6711x871,"75798 Steven View, Danielbury, SC 29649",Editorial assistant,35,2545466473705698,Maestro,04/30,perickson,8!5YACgNn!
Cruz and Sons,Sergio Rasmussen,reynoldsryan@example.net,680-270-5863x333,"69811 Gary Estates Apt. 072, Hooperborough, WV 81679",Social researcher,20,4124541823989,JCB 16 digit,08/30,whitesherry,9$s7WXywg^
Cruz and Sons,Ann Walls,angela49@example.com,070-584-0603x124,"33307 Jerome Drive, North Tiffanystad, GA 45249","Scientist, clinical (histocompatibility and immunogenetics)",36,630497846059,Diners Club / Carte Blanche,12/30,garybaker,^7ZDZep_wb
Cruz and Sons,Chad Harvey,xbarnes@example.net,(930)155-8470x8311,"58821 Wilson Harbor Suite 928, Lauraside, NC 49414",Environmental manager,40,4357980875470,JCB 16 digit,07/24,hessvanessa,4LK7XYOt%D
Cruz and Sons,Brianna Kirby,wroberts@example.net,+1-939-061-5587x200,"001 Brittany Meadow, Hineshaven, VI 87124","Engineer, drilling",38,4277138914007,Mastercard,05/29,nixonrachel,4$18ZvnT$h
Cruz and Sons,John Cook,reedfernando@example.org,352.854.7272x617,"431 Kristin Causeway Apt. 592, New Albert, AR 38521","Scientist, water quality",47,4024834020766,American Express,08/27,bobmarshall,S(8iJyiuZf
Bond and Sons,Donna Taylor,greenemicheal@example.net,877-765-1503x872,"81420 Jacobs Ridge, Thomashaven, MP 49651","Production designer, theatre/television/film",28,4507117359463,JCB 16 digit,08/28,karen86,jY&j7EEhpO
Bond and Sons,Evelyn Cline,mitchelldeanna@example.org,(259)074-6053,"6889 Murphy Lakes, Andersonville, MD 44131",Charity officer,58,501866876714,VISA 13 digit,05/29,jenna67,$3vsFSKB0g
Bond and Sons,Lauren White,williamsstephanie@example.org,2506652920,"927 Dustin Trail Apt. 567, West Alyssashire, MA 77778",Air traffic controller,19,6011837002057635,JCB 16 digit,10/25,hughespamela,($9JSHTbKR
Bond and Sons,Nicole Nguyen,masonchandler@example.com,2341681958,"5027 Keith Fields, Gutierrezville, NC 97849","Development worker, community",59,4365634702921374342,VISA 13 digit,06/30,yhernandez,_1Gbm*QPum
Bond and Sons,Darryl Becker,garrett48@example.com,001-013-981-7848x156,"983 Margaret Prairie, North Joseph, DE 89228",Agricultural consultant,40,564429443737,JCB 15 digit,04/26,floresthomas,D)94Kk$w#O
Bond and Sons,James Lowe,nelsonzachary@example.com,001-737-117-8641x3981,"53607 Jennifer Alley Apt. 917, West Mary, AS 73769",Advertising copywriter,40,639048602655,VISA 16 digit,10/27,charlesgriffin,^iEFA&*lS7
Bond and Sons,Sandra French,lisa87@example.org,096-803-8698,"153 Dustin Spur, Melissabury, NE 08521",Commercial/residential surveyor,27,3539880461014804,Discover,04/32,timothydavis,$7IEgnU%3d
Bond and Sons,Erica James,pgonzalez@example.com,001-655-675-4698x51759,"40312 Wu Valleys, New Rita, GU 17552",Office manager,22,4305958413906104712,Maestro,10/30,parrishrobert,U1ycAnY9*c
Bond and Sons,Brittany Stewart,george84@example.net,001-780-704-9141,"USNV Mendoza, FPO AP 88762",Software engineer,24,568156172294,VISA 16 digit,12/32,qbernard,506DGzT#$a
Bond and Sons,Jessica Wright,sanchezzachary@example.com,961.873.4910x129,"509 Joseph Parkways Apt. 357, Stephenmouth, CT 41123",Data processing manager,60,5168358739928454,VISA 16 digit,04/32,michaelcarroll,9*tYS*%q#g
"Peterson, Lewis and Evans",Tonya Smith,ywells@example.com,+1-491-016-7688x06813,"78686 Catherine Ridges, Smithstad, IL 55753","Teacher, music",61,30018641149543,JCB 16 digit,10/23,ebonystewart,qA#3bZKkU)
"Peterson, Lewis and Evans",Elizabeth Adams,trevor38@example.org,(656)674-7658x17611,"1189 Ellis Meadows Suite 068, Lopezhaven, GU 34974",Set designer,48,3553497050570913,VISA 16 digit,12/23,aguilarlaura,rwNkKvKw!3
"Peterson, Lewis and Evans",Kayla Carter,karensanford@example.net,+1-050-999-1178x8829,"Unit 8492 Box 2863, DPO AA 04952",General practice doctor,41,2717450526217051,VISA 19 digit,07/31,cardenascathy,dk!KSKI++4
"Peterson, Lewis and Evans",Christopher Williams,christinawarner@example.com,2812495605,"428 Bradley Crossing, Hallview, OK 33573",Television floor manager,49,4614231294740189,Discover,09/31,orivers,_5DTC2rT3o
"Peterson, Lewis and Evans",Keith Andersen,ysalazar@example.net,264.721.8453,"4281 Kaufman Ville Suite 227, South Markside, TN 90413",Accommodation manager,23,3540171020326724,American Express,08/30,storres,!oD7+9ns0X
"Peterson, Lewis and Evans",Kerry Cardenas,ambersmith@example.com,756.281.6597x190,"696 Scott Alley, Port Christopherview, PA 02346",Bookseller,22,213151734578119,Maestro,01/32,elizabeth19,)5XI+7HhZ%
"Peterson, Lewis and Evans",Anthony Fuller,tpace@example.org,299.975.5170x21152,"8824 Eddie Union, Lake Jaclynmouth, PW 63954",Furniture designer,63,4714765791289073109,VISA 19 digit,09/26,xrobbins,@(Gw2Yk1_a
"Peterson, Lewis and Evans",Alicia Hill,kellyortega@example.net,(091)410-2949x6620,"705 Hernandez Parkway Suite 658, Jacobsbury, FL 29414",Catering manager,55,4965373828488177,VISA 19 digit,07/29,evanserica,v5Fh8%$G$0
"Peterson, Lewis and Evans",Chad Rodgers,ericksoncarolyn@example.net,070-481-9857,"USNV Dean, FPO AP 05517",Learning mentor,48,4016213834114327,Maestro,04/25,timothy79,I_P6B8Uxp5
"Peterson, Lewis and Evans",Rachel Todd,boydmark@example.org,566.652.2083x696,"8385 White Grove, Port Dianebury, KS 69312",Planning and development surveyor,37,4419494060882885,JCB 16 digit,08/32,tiffany59,xAu!9%Dve)
Nash-Obrien,Tonya Barker,gillespieanthony@example.org,604-772-6979x48580,"18231 Gary Harbors, Port Stuartborough, GA 29184",Chartered management accountant,57,5160120665799335,VISA 13 digit,01/29,marcusroth,C)2RBtZmJ^
Nash-Obrien,Michelle Butler,michael47@example.org,(027)055-0129x9874,"2370 Lester Ridge, Johnbury, MT 17857",Electrical engineer,29,3553955855590493,JCB 16 digit,12/25,heidicollier,NN8Tmbsns#
Nash-Obrien,Emily Hill,vsweeney@example.net,001-347-510-9833,"9133 George Keys, West Jennifer, SC 57366",Herbalist,54,4708528485048224,JCB 16 digit,09/23,christiansandra,cC(9EUQvBC
Nash-Obrien,Allison Townsend,christopherellis@example.org,359-682-8107x54411,"990 Vasquez Overpass, Jamesville, DE 35628",Civil Service administrator,45,180087715636766,Diners Club / Carte Blanche,07/32,nicolephillips,s&42P0Lmn)
Nash-Obrien,Carlos Cook,xtyler@example.com,(886)068-2366x10112,"PSC 1374, Box 6844, APO AE 48334","Administrator, charities/voluntary organisations",55,5454061264338304,VISA 16 digit,06/27,eric35,)0WEDPN5Ys
Nash-Obrien,Kenneth Tran,gamblejennifer@example.net,967.476.0463x57945,"3424 Franklin Parks, Jenniferside, TN 25615",Planning and development surveyor,64,341792219969193,JCB 16 digit,11/30,timothymullins,&Zc8Ze3de6
Nash-Obrien,Curtis Rodgers,uramirez@example.org,7978733389,"USNS Johnson, FPO AP 73132",Print production planner,35,3598082037949583,American Express,03/30,smithjennifer,8eIF6EOp(6
Nash-Obrien,Denise Park,carrie31@example.org,001-623-615-2424x753,"Unit 3705 Box 0709, DPO AA 53368",Chief Financial Officer,45,346493710002395,Maestro,08/24,mvelez,wU(X)ct2^4
Nash-Obrien,Dean Rodriguez,thenderson@example.org,(669)110-3511,"3816 Francisco Hill Suite 410, Port Julie, MI 45907",Insurance broker,59,346806950601537,VISA 19 digit,06/26,qjohnson,#IG5E9Nq$C
Nash-Obrien,Caleb Pitts,andrew20@example.net,6670255654,"42711 Rodriguez Via Apt. 597, Port Melissa, TX 58864","Editor, film/video",25,579006339678,VISA 16 digit,10/29,heather17,E7nNRgmy#t
Smith-Johnson,David Patel,daniel66@example.org,(013)607-8012x997,"572 Daniel Oval, South Sabrinastad, HI 37046",Waste management officer,36,6011767305123695,JCB 16 digit,01/29,sdickerson,M$7(2pCr_B
Smith-Johnson,Julia Mcdonald,nprice@example.org,189.108.7232,"223 Tammy Trace Suite 670, Christensenbury, FL 53575","Engineer, mining",56,4529860236188794187,VISA 16 digit,09/25,lsanchez,W60^$rA+&l
Smith-Johnson,Kimberly Hall,simsjenny@example.org,(816)155-8804x8781,"88987 Cox Causeway, Stevenhaven, WI 51078",Psychiatric nurse,20,4838318459017782107,Mastercard,04/30,daniel79,*X47(MSyQl
Smith-Johnson,Roy Pruitt,bbarajas@example.net,232.977.3660,"8839 Jennifer Views, Sarahfurt, VI 66185","Programmer, multimedia",36,3540236750814072,Maestro,06/32,andersoneric,1)d76#LgV#
Smith-Johnson,Dustin Valentine,walkermichelle@example.net,011.744.9926x98808,"6543 Graham Summit Suite 170, Pattersonberg, AK 76090","Psychologist, sport and exercise",57,373027296805049,Mastercard,08/32,laurie85,XNoRKVHu^6
Smith-Johnson,Melanie Moore,thomas36@example.net,+1-893-284-9382,"83856 Carrillo Center, Maureenland, HI 81775",Quantity surveyor,25,180050951410734,American Express,09/25,stouttimothy,+feV7KC52Y
Smith-Johnson,Jerome Smith,ygray@example.com,(803)055-1255x7754,"06058 Romero Club, South Kellybury, AS 62464","Accountant, chartered public finance",30,3555992736228264,VISA 16 digit,02/24,alexanderbrown,+40WXpwx&x
Smith-Johnson,Christina Frazier,nguyenwhitney@example.net,(935)340-4437,"136 Hill Inlet Suite 276, West Elizabethchester, WV 15937","Teacher, early years/pre",31,2292776823506264,VISA 16 digit,05/29,seanhernandez,5eiXJRSw@0
Smith-Johnson,Austin Jones,stevenharris@example.com,5465076304,"5004 Hall Plain, East Danielmouth, AK 80371",Architect,46,4894524416789832,JCB 15 digit,09/30,egriffin,@KA21+2a1!
Smith-Johnson,Amber Bryant MD,laurenarnold@example.com,426.040.5318x8305,"Unit 2105 Box 4206, DPO AP 26546",Tax adviser,51,503859351309,VISA 16 digit,05/32,sandra58,5@6J_wkS6s
Johnson Ltd,Kevin Macdonald,tamara08@example.net,203-620-4070x6412,"PSC 4266, Box 4840, APO AP 91298",Waste management officer,59,6532927300781943,JCB 15 digit,06/27,rubiosamantha,Gh8)FAU17$
Johnson Ltd,Shelley Hartman,michellesmith@example.com,+1-554-660-9544,"PSC 7168, Box 9047, APO AA 25209",Facilities manager,57,30588448067064,Mastercard,10/29,johnhorne,ehz_14LvB_
Johnson Ltd,Mary Martin DVM,sanchezanna@example.net,668-937-3356,"47376 Robert Greens, Thorntonchester, MP 97937",Brewing technologist,31,4119207648626274,Discover,10/25,tammy98,Z@Me6QmnSz
Johnson Ltd,Christine Warren,barrettseth@example.net,1933084743,"4387 Houston Stravenue Apt. 126, South Frank, AS 82184","Engineer, civil (consulting)",49,576951794709,Maestro,12/28,maysjordan,q^a750YvpN
Johnson Ltd,Aaron Galloway,danielnorman@example.net,116.871.1056,"85913 Cochran Mill, Port Andrewhaven, MP 14140",Landscape architect,24,3560487124935037,JCB 16 digit,05/24,xlee,5nIs^1sp#^
Johnson Ltd,Shannon Cross,karismith@example.net,060.957.8422x3186,"071 Paul Center, East Jeffreytown, AK 27165",Magazine features editor,46,213170073362018,JCB 16 digit,07/25,frosttammy,L3lSZ$lP+O
Johnson Ltd,Charlene Oneal,jesusgutierrez@example.net,(408)104-6987x88817,"85449 Benjamin Trafficway Suite 058, Monicaside, MO 85583",Insurance underwriter,21,6011493622793413,Discover,05/25,gfox,_*4sUOq^9@
Johnson Ltd,Robert Henderson,lindseymark@example.net,407-067-6529x15841,"0157 Butler Track, Victoriahaven, LA 36389",Sub,47,213122663832108,Maestro,05/30,grossmelinda,Z!1JGXTriq
Johnson Ltd,Amanda Shea,heather67@example.org,(429)809-0700,"0698 Holly Roads Suite 060, South Lori, VA 05903","Doctor, general practice",33,3557543130999873,VISA 16 digit,02/25,msherman,Gd%o8CooMX
Johnson Ltd,Amy Moss,mallory46@example.com,(588)453-1202x451,"51885 Jones Ridges Suite 270, Lake Alejandroside, AR 57272","Engineer, production",58,213116130389676,Discover,11/27,williamburns,dK4&0Aup68
"Taylor, Cobb and Bell",Dana Oneill,mollyschmidt@example.org,013-767-3930,"PSC 8687, Box 5824, APO AE 51106",Magazine journalist,21,4817439891447513348,VISA 16 digit,12/25,danielryan,@a4EfM0u*n
"Taylor, Cobb and Bell",Jessica Wood,ebishop@example.net,001-806-811-4786,"30027 Michael Mountain, Lake Jennifer, VA 07375","Designer, television/film set",31,6545790863735218,JCB 15 digit,07/29,caserobert,z^7zXBLtU!
"Taylor, Cobb and Bell",Heather Benitez,christina19@example.org,904-273-7113,"23691 Victoria Roads, Crystalfort, GA 82237",Midwife,45,4021439145708704,VISA 16 digit,12/31,nicholasfowler,3q5G+uYqx^
"Taylor, Cobb and Bell",Jeff Wise,starkangela@example.org,509-428-4532x7787,"Unit 5114 Box 0095, DPO AP 76905",English as a foreign language teacher,37,38811455960779,VISA 16 digit,07/24,carolyn27,&f6UA6mF3^
"Taylor, Cobb and Bell",Regina Gonzales,gillrobert@example.net,481-151-3012x3655,"USNS Terry, FPO AE 96000",Occupational psychologist,18,180080187670819,JCB 15 digit,11/24,mwhitehead,)a(1E&Xsk+
"Taylor, Cobb and Bell",Christina Villegas,justinmay@example.com,001-821-358-7841,"973 Kelsey Hollow, Richardsonberg, TN 50054",Environmental education officer,61,3581238020002694,Mastercard,04/25,julian67,Lu4Rw3z)!+
"Taylor, Cobb and Bell",Anna Bell,qfranklin@example.com,001-069-823-7599x57082,"9098 Miller Club Suite 410, North Shannonbury, NE 04836","Journalist, newspaper",22,348454432688059,Diners Club / Carte Blanche,02/27,joneschristopher,76JKWBo0@+
"Taylor, Cobb and Bell",Jennifer Wilson,delliott@example.org,(825)779-8750,"826 Alisha Prairie, Lake Carlos, MD 78429",Higher education lecturer,33,30355096814464,JCB 16 digit,01/26,nelsonmegan,o&H7GlsJs7
"Taylor, Cobb and Bell",Kelly Fields,tuckermichelle@example.org,101-006-6456x023,"073 Jessica Shores, Burnshaven, AR 47432",Barrister,47,370847380103404,Diners Club / Carte Blanche,01/32,saramartinez,*O+6WxQx7q
"Taylor, Cobb and Bell",Melissa Powell,ashley83@example.org,027-061-2865x7210,"734 Lewis Divide, Montgomeryborough, SD 79545",Child psychotherapist,37,3568083247084514,JCB 16 digit,09/32,ewagner,*!(6YmUqV2
Hobbs Inc,Timothy Gonzalez,opope@example.net,496-788-3848,"Unit 5819 Box 3604, DPO AA 94582",Health and safety adviser,31,676186821473,JCB 16 digit,11/30,buckleysusan,jly2YGGFF)
Hobbs Inc,Jennifer Davis,kelly32@example.org,635.389.1100,"USS Burns, FPO AP 85542",Immunologist,20,4230263880859028,VISA 16 digit,07/30,kriley,AS(8HA8gHc
Hobbs Inc,Alex Wilson,lancefloyd@example.org,020-559-0023x1206,"39469 Charlene Stravenue Suite 586, Isabellaville, VA 95378",Agricultural consultant,21,4600034279277458,American Express,08/23,nrodriguez,U@8fwIYa@C
Hobbs Inc,Deanna Herring,johnwalker@example.net,+1-706-752-7033,"PSC 0895, Box 2386, APO AP 25991","Engineer, agricultural",34,30312570056955,Mastercard,03/30,carrie85,6naBxmq^(9
Hobbs Inc,Kevin Bates,moralestyler@example.net,1368942323,"623 Chen Lakes Suite 949, Brendaburgh, MN 84305",Interpreter,61,4016341791015367,Maestro,06/29,kcohen,tA_PC7TjWa
Hobbs Inc,Cynthia Pratt,birdrobert@example.com,(962)304-7423,"2996 Larson Via, Travisview, ME 17551",Commissioning editor,61,4430607953083163,VISA 19 digit,04/27,christopherallen,*eQ#bxvbP2
Hobbs Inc,Robert Jackson,megan20@example.org,730-094-1373x530,"31873 Christopher Inlet Apt. 806, West Jessica, AL 26361","Engineer, manufacturing",38,213170660697701,VISA 13 digit,02/25,gatestodd,Onz4jMNzj#
Hobbs Inc,Gwendolyn Garcia,websterjonathan@example.org,863-054-1360,"5131 Sarah Meadows Apt. 169, Andreton, UT 99774",English as a foreign language teacher,21,4194192461428529,VISA 16 digit,01/31,qhoward,25q(h@Hb^)
Hobbs Inc,Jennifer Strickland,amiller@example.com,(820)688-8706x54936,"13074 Garcia Prairie Apt. 043, Cruzhaven, NM 28363","Psychologist, sport and exercise",23,4591552834188796,JCB 16 digit,12/23,leachkevin,ZSE5PUm48)
Hobbs Inc,Peter Sawyer,bakersara@example.org,(642)657-4835,"30072 Katherine Glen Suite 310, West Deniseshire, NV 64079","Engineer, land",63,4617351977641277,VISA 19 digit,02/29,taylorbrown,$$*2aLWpZt
"Bryant, Reyes and Miller",Brittany Ramos,leachcheyenne@example.com,(193)213-1370x237,"061 Diana Summit Apt. 809, Lake Oscar, OK 16520",Phytotherapist,32,4825481081319,VISA 13 digit,02/25,jeremy59,SxF7wPxb+0
"Bryant, Reyes and Miller",James Moss,janet06@example.net,999-813-0103x700,"5275 Harris Well Suite 975, Bradleyton, WY 69045",Investment analyst,21,4979854144509,Diners Club / Carte Blanche,07/32,johnsonlouis,u$KAX0DupU
"Bryant, Reyes and Miller",Jamie Harvey,martinezashley@example.org,(728)416-2709,"95216 Campos Ville, Lake Carlos, NM 66166",Arboriculturist,55,4132209782457774,Discover,10/25,havila,lP0^Kr+Kl%
"Bryant, Reyes and Miller",Fred Morrison,vgarrett@example.net,0464212893,"393 Lisa Summit Suite 782, New David, KY 90855","Designer, graphic",53,2720660942140860,VISA 16 digit,02/25,tzhang,^IobHPmvk3
"Bryant, Reyes and Miller",Jason Edwards,danmorgan@example.net,3093304573,"PSC 7511, Box 2501, APO AE 91360",Electronics engineer,41,4680288200539936843,VISA 13 digit,06/24,johnsonanthony,l0P_7Czx&p
"Bryant, Reyes and Miller",Timothy Johnson,ewilliams@example.org,970-734-0063,"32018 Hall Route Suite 292, West Melissamouth, AZ 65409","Surveyor, land/geomatics",39,4837063924873,Discover,09/23,vramirez,@itV@Hslc5
"Bryant, Reyes and Miller",William Miller,znguyen@example.org,(520)395-8443,"8620 Donald Pine, Bautistahaven, NJ 22436","Geneticist, molecular",41,30403218736015,Discover,12/23,jamiepowell,%BMy4Dq^0$
"Bryant, Reyes and Miller",Kimberly Collier,elizabethroberts@example.net,(040)261-7913,"02940 Silva Drive, Pughfort, ME 30164",Chartered accountant,50,180078686805449,Maestro,08/32,emilycarpenter,393d0PZp(t
"Bryant, Reyes and Miller",Christina Meyer,william16@example.org,001-906-026-6221x914,"5388 Orr Wall Apt. 126, Lake Keith, CT 66270","Engineer, materials",26,4012852682492,JCB 16 digit,08/31,hallpaul,H@C3TSyeQP
"Bryant, Reyes and Miller",Brian Garrison,sandraanderson@example.org,001-516-384-1021x13694,"853 Ellison Plains Apt. 292, Reedmouth, NC 14596",Health service manager,27,4667368618405960,Mastercard,10/23,terrygreen,Y+4(4K40ys
